1.jpg,invoice,11580833,noh,date,of,1112412019,issuer,clienti,sellert,wood,simpson,and,summers,tapia,llc,7000,graves,ville,53393,peters,overpass,76847,juliastad,oh,02764,boothside,wy,968861662,tax,idh,tax,id,9794961,3992,ibani,gbivhisizabsiti,items,10o1,gross,nos,description,qty,um,net,price,net,worth,vat,worth,optiplex,99,1,dell,sff,desktop,1,00,each,894,99,89,99,1000,98,windows,10,computer,4gb,160gb,dell,desktop,computerlintel,699,95,209,1000,23084,2,51,00,each,85,core,2,duo,8gb,1tb,hd,owindows,10,pc,22,lcd,wifi,6200,aghz,256,283,3,hp,pro,core,17,3,5,00,each,68,1,40,1000,1,41174,quad,core,16gb,5oogb,computer,vintage,microsolutions,pentium,3100,each,39000,17000,1000,28700,4,1,1,133mhz,tower,desktop,pc,windows,95,525,floppy,dell,optiplex,7060,sff,00,2021,50,810,00,1000,8911,00,5,4,each,computer,8th,gen,core,15,8gb,ddra,24ogb,ssd,new,dvd,6,custom,gaming,pc,computer,1,00,each,44999,4494,99,1000,49499,fx6300,35ghz,8gb,ram,128gb,ssd,1,tb,hdd,rx,580,agb,custom,build,hp,desktop,20,00,each,3291,00,658,00,1000,2380,16gb,2tb,ssd,computer,wifi,windows,10,windows,z,pc,summary,vat,lool,net,worth,vat,gross,worth,10,67123,467,412,5,13835,j00,4,total,s,4,67123,s,46712,s,5,138135
10.jpg,invoice,72128555,noh,date,of,1212512013,issuer,clienti,sellert,obrien,group,duncandavis,6217,boyd,ville,apt,758,psc,2824,box,6632,robbinsberg,az,54997,apo,ap,93827,905825399,917867656,tax,idh,tax,id,ibani,gbinomasiobzis6i0n,items,10o1,nos,description,qty,um,net,price,net,worth,vat,gross,worth,islamic,78,1,fatawa,islamiyah,2,00,each,99,90,199,80,1000,219,verdicts,8,volume,setl,2,sasinowski,mlegacy,of,ra,1,00,each,1940,1940,1000,2134,book,new,life,46183,3,time,booksh,the,old,west,31,00,each,139,95,4194,85,1000,complete,26,volumes,series,master,index,mn853,t,tumbling,caela,carter,35,00,each,449,1847,1000,1482,4,by,1456,5,how,to,win,friends,e,influence,2,00,each,662,1324,1000,people,summary,vat,lool,net,worth,vat,gross,worth,1000,665,76,6658,732,34,total,s,665776,s,6658,s,732434,,,,,,,,,,,,,,,,,,,,,,,,,,,,,,,,,,,,,,,,,,,,,,,,,,,,,,,,,,,,,,,,,,,,,,,,,,,,,,,,,,,,,
2.jpg,invoice,74589240,noh,date,of,1210812013,issuer,clienti,sellert,hallboyd,haas,and,sons,8719,reed,street,apt,120,65628,brittany,dale,michelleborough,26239,east,ky,93895,walterschester,la,977769492,981734585,tax,idh,tax,id,ibani,sgbsisbssibazan,items,10o1,nos,description,qty,um,net,price,net,worth,vat,gross,worth,illusion,1,3d,printed,mat,vortex,51,00,each,111,63,3489,1000,38138,living,floors,rug,carpet,room,doors,round,mat,golden,232,65,16325,1000,27958,2,new,brown,oriental,rug,51,00,each,1,l,4x6,oushak,chobi,floral,handknotted,foyer,carpet,yilong,10,560,560,61600,3,5,5x8,handknotted,1,00,each,00,10,00,1000,11,silk,area,decor,rugs,home,carpet,0790,classic,blue,pretty,small,00,each,3630,36130,1000,3993,4,woman,large,long,1,floor,carpet,various,area,rugs,size,soft,rug,summary,vat,lol,net,vat,gross,worth,worth,1000,11,7944,44,1179,44,12,97388,total,s,79444,s,17944,12,97388,11,1,s,,,,,,,,,,,,,,,,,,,,,,,,,,,,,,,,,,,,,,,,,,,,,,,,,,,,,,,,,,,,,,,,,,,,,,
3.jpg,invoice,81978187,noh,date,of,011712013,issuer,clienti,sellert,padillamiller,johnson,ltd,53017,lopez,locks,86731,throughway,suite,743,ryan,49620,alecborough,oh,west,ct,15849,jason,922874664,tax,idh,957925822,tax,id,ibani,gbnvpmriaobi,items,10o1,nos,description,qty,um,net,price,net,worth,vat,gross,worth,holder,591,1,wine,bottle,51,00,each,1075,53,75,1000,13,cuisinart,stainless,steel,electric,3100,90,59,70,1000,6567,2,each,194,wine,opener,cwo25,brand,new,in,the,box,summary,vat,loo1,vat,gross,net,worth,worth,1000,113,45,34,1241,79,11,total,s,11345,s,1134,s,124,79,,,,,,,,,,,,,,,,,,,,,,,,,,,,,,,,,,,,,,,,,,,,,,,,,,,,,,,,,,,,,,,,,,,,,,,,,,,,,,,,,,,,,,,,,,,,,,,,,,,,,,,,,,,,,,,,,,,,,,,,,,,,,,,,,,,,
4.jpg,invoice,99314100,noh,date,of,0612512014,issuer,clienti,sellert,michael,farrell,and,lee,collins,and,schroeder,barrett,95360,washington,inlet,2314,beard,via,01507,19687,port,sandraview,ct,kellybury,ga,908817850,tax,idh,993761179,tax,id,ibani,gbowfratiobi,items,10o1,nos,description,qty,um,net,price,net,worth,vat,gross,worth,madrid,inflatable,chair,219,24173,1,real,51,00,each,434,95,75,1000,sg1,6136,marble,2,60,inches,dinning,table,1,00,each,5,75600,5,75600,1000,6,33160,table,top,inlay,work,lawn,with,multi,color,stones,summary,vat,lool,net,worth,vat,gross,worth,1000,5,975,75,597,6,573133,158,total,s,5,97575,59758,6,573133,s,s,,,,,,,,,,,,,,,,,,,,,,,,,,,,,,,,,,,,,,,,,,,,,,,,,,,,,,,,,,,,,,,,,,,,,,,,,,,,,,,,,,,,,,,,,,,,,,,,,,,,,,,,,,,,,,,,,,,,,,,,
5.jpg,invoice,51109338,noh,date,of,0411312013,issuer,clienti,sellert,andrews,kirby,and,valdez,becker,ltd,58861,gonzalez,prairie,8012,stewart,summit,apt,455,57228,lake,daniellefurt,in,north,douglas,az,95355,945822137,942800517,tax,idh,tax,id,ibani,gbismcrloaistin,items,10o1,gross,nos,description,qty,um,net,price,net,worth,vat,worth,clearancei,627,689,1,fast,dell,desktop,51,00,each,2099,00,00,1000,70,dual,core,computer,pc,windows,418116gb,10,ram,t520,thin,client,computer,1000,20763,2,hp,51,00,each,3775,188,75,amd,gx212jc,12ghz,agb,ram,tested,hread,belowih,3,gaming,desktop,computer,1,00,each,4000,00,400,00,1000,44000,pc,12core,gaming,computer,31,00,each,464489,1,394,67,1000,1,53414,4,desktop,pc,tower,affordable,gaming,pc,8gb,amd,vega,rgb,2201,5,custom,build,dell,optiplex,9020,51,00,each,221,99,1,109,95,1000,1,95,154570,320ghz,mt,desktop,computer,pc,6,dell,optiplex,990,mt,computer,00,26995,079,80,1000,18778,4,each,1,l,quad,aghz,16gb,pc,core,17,3,2tb,hd,windows,10,pro,92400,dell,core,2,duo,desktop,51,00,each,168,00,8400,00,1000,computer,windows,xp,pro,agb,5oogb,summary,vat,looj,net,worth,vat,gross,worth,1000,5,640,5648,02,20419,17,6,total,s,5,64017,56402,s,6,20419,,,,,,
6.jpg,invoice,12847181,noh,date,of,0310312012,issuer,clienti,sellert,fitzpatrick,and,sons,plc,duncan,00480,cook,cove,unit,8799,box,0703,12036,spencerport,ut,dpo,ap,81970,9981995253,tax,idh,tax,id,911827132,ibani,sgbszppobsabssisn,items,10o1,nos,description,qty,um,net,price,net,worth,vat,gross,worth,559,61578,1,hp,desktop,computer,pc,d,4,00,each,1394,95,80,1000,core,15,16gb,2tb,256gb,hd,ssd,221,lcd,windows,10,custom,built,200,1000,62000,2,amd,ryzen,31,00,each,l,400000,00,threadripper,gaming,computer,32,gb,ram,21700,238,3,fast,dell,optiplex,desktop,pc,1,00,each,21700,1000,70,computer,core,3,aghz,dual,1tb,10,8gb,win,pro,wifl,dell,optiplex,790,computer,17,3100,each,15999,47997,1000,52797,4,340,250gb,ghz,quad,core,agb,working,vintage,microsolutions,00,390,00,780,00,1000,858,00,5,pentium,2,each,133mhz,desktop,tower,pc,windows,95,525,floppy,summary,vat,loj,vat,gross,net,worth,worth,1000,236,623,68,860,45,6,77,6,total,s,6,23677,s,623368,s,6,86045,,,,,,,,,,,,,,,,,,,,,,,,,,,,,,,,,,,,,,,,,,,,,,,,,,,
7.jpg,invoice,19471831,noh,date,of,0410912014,issuer,clienti,sellert,palmer,ltd,rios,oneill,and,rowe,9790,bauer,hills,apt,146,3571,tina,trafficway,32497,97688,south,patriciaton,sd,buckleyland,la,924711106,922725979,tax,idh,tax,id,ibani,gbosyutgssis,items,10o1,nos,description,qty,um,net,price,net,worth,vat,gross,worth,15x151,white,64577,1,decorative,51,00,each,1,937131,1000,z,131,04,coffee,table,top,lapis,lazuli,marquetery,patio,decor,marble,dining,table,840110,2001,1000,10,12055,2,ax2,top,51,00,each,l,9,50,pietra,dura,birds,inlay,art,furniture,decors,b444,inches,marble,dinning,29,49400,3,60,table,5,00,each,5,9081,00,540j00,1000,32,top,hand,inlaid,garden,table,with,gemstones,summary,vat,lolol,net,worth,vat,gross,worth,74559,1000,40,67781,4,06778,44,total,s,40,67781,s4,06778,s,44,745359,,,,,,,,,,,,,,,,,,,,,,,,,,,,,,,,,,,,,,,,,,,,,,,,,,,,,,,,,,,,,,,,,,,,,,,,,,,,,,,,,,,,,,,,,,,
8.jpg,invoice,16273983,noh,date,of,041012017,issuer,clienti,sellert,holloway,and,lee,castillo,llc,reyes,38676,johnson,burg,suite,666,70391,kelsey,terrace,west,rebeccamouth,sd,02588,garcialand,vt,41740,tax,idh,909837738,tax,id,901880463,ibani,gboulszozbbbat,items,10o1,nos,description,qty,um,net,price,net,worth,vat,gross,worth,thick,99,96,1,handmade,round,4,00,each,44,179,96,1000,197,warm,crochet,97,rug,carpet,mat,00,acrylic,30,floor,decor,me,white,2451,490,1000,53900,2,rug,moroccan,beni,2,00,each,00,00,ourain,trellis,shag,area,rug,authentic,handmade,carpet,2401,2641,3,abstract,living,room,carpet,1,00,each,2401,1000,decor,nordic,style,home,bedside,floor,area,rug,mats,leopard,printed,skin,mat,00,each,1949,194,49,1000,2144,4,rug,1,leather,fur,animals,faux,area,rugs,home,carpets,exquisite,durable,foot,00,1557,1000,3425,5,lpc,2,each,31,14,cloth,christmas,carpet,xmas,cushion,for,kitchen,summary,vat,loj,vat,gross,net,worth,worth,1000,744,60,7446,819906,total,s,744,60,s,7446,s,819906,,,,,,,,,,,,,,,,,,,,,,,,,,,,,,,,,,,,,,,,,,,,,,,,,,,,,,
9.jpg,invoice,89969473,noh,date,of,1012912016,issuer,clienti,sellert,johnsonmartin,deleon,davila,and,allen,3836,moore,355,king,lake,suite,071,ports,01844,55765,north,michael,mo,south,haleyshire,ky,944773882,tax,idh,972820713,tax,id,ibani,gbigbigsobins,items,10o1,gross,nos,description,qty,um,net,price,net,worth,vat,worth,2700,544,59,1,wild,west,wine,2,00,each,00,1000,40,15l,cider,00,279,558,1000,61380,2,press,wine,fruit,2,each,00,00,apple,crusher,juice,grape,stainless,maker,grapes,new,holder,5625,3,wine,rack,iron,art,3,00,each,18,75,1000,6187,hanging,racks,glass,cup,stemware,shelf,mounted,2,color,rust,proof,three,rows,tool,2,00,each,1156,23,12,1000,2543,4,glass,holder,simple,wine,iron,wire,hanging,home,rack,5,vtg,1970s,mcm,brown,steel,00,each,344,00,34,00,1000,3740,1,tube,wall,desk,mounted,or,12wine,rack,bottle,holder,summary,vat,lol,net,vat,worth,gross,worth,1000,725,37,724,54,797,91,total,72537,72254,797791,s,s,s,,,,,,,,,,,,,,,,,,,,,,,,,,,,,,,,,,,,,,,,,,,,,,,,,,,,,,,,,,
